[
{
  "model": "admin.logentry",
  "pk": 1,
  "fields": {
    "action_time": "2022-08-21T23:03:04.635Z",
    "user": 1,
    "content_type": 8,
    "object_id": "1",
    "object_repr": "aec722d7b8c0aa05f08a83e6926e46aacdaf8e3b",
    "action_flag": 1,
    "change_message": "[{\"added\": {}}]"
  }
},
{
  "model": "admin.logentry",
  "pk": 2,
  "fields": {
    "action_time": "2022-08-22T02:05:00.656Z",
    "user": 1,
    "content_type": 10,
    "object_id": "4",
    "object_repr": "Sweetpants",
    "action_flag": 3,
    "change_message": ""
  }
},
{
  "model": "admin.logentry",
  "pk": 3,
  "fields": {
    "action_time": "2022-08-22T02:05:00.664Z",
    "user": 1,
    "content_type": 10,
    "object_id": "3",
    "object_repr": "Sweetpants",
    "action_flag": 3,
    "change_message": ""
  }
},
{
  "model": "admin.logentry",
  "pk": 4,
  "fields": {
    "action_time": "2022-08-22T02:05:00.665Z",
    "user": 1,
    "content_type": 10,
    "object_id": "2",
    "object_repr": "Sweetpants",
    "action_flag": 3,
    "change_message": ""
  }
},
{
  "model": "admin.logentry",
  "pk": 5,
  "fields": {
    "action_time": "2022-08-22T02:05:00.666Z",
    "user": 1,
    "content_type": 10,
    "object_id": "1",
    "object_repr": "Sweetpants",
    "action_flag": 3,
    "change_message": ""
  }
},
{
  "model": "admin.logentry",
  "pk": 6,
  "fields": {
    "action_time": "2022-08-22T02:05:14.152Z",
    "user": 1,
    "content_type": 9,
    "object_id": "1",
    "object_repr": "1111",
    "action_flag": 3,
    "change_message": ""
  }
},
{
  "model": "admin.logentry",
  "pk": 7,
  "fields": {
    "action_time": "2022-08-22T02:05:21.670Z",
    "user": 1,
    "content_type": 9,
    "object_id": "2",
    "object_repr": "Fashion",
    "action_flag": 1,
    "change_message": "[{\"added\": {}}]"
  }
},
{
  "model": "admin.logentry",
  "pk": 8,
  "fields": {
    "action_time": "2022-08-22T02:05:29.040Z",
    "user": 1,
    "content_type": 9,
    "object_id": "3",
    "object_repr": "Jeans",
    "action_flag": 1,
    "change_message": "[{\"added\": {}}]"
  }
},
{
  "model": "admin.logentry",
  "pk": 9,
  "fields": {
    "action_time": "2022-08-22T02:05:35.229Z",
    "user": 1,
    "content_type": 9,
    "object_id": "4",
    "object_repr": "Shoes",
    "action_flag": 1,
    "change_message": "[{\"added\": {}}]"
  }
},
{
  "model": "admin.logentry",
  "pk": 10,
  "fields": {
    "action_time": "2022-08-22T02:05:42.556Z",
    "user": 1,
    "content_type": 9,
    "object_id": "5",
    "object_repr": "Sweatpants",
    "action_flag": 1,
    "change_message": "[{\"added\": {}}]"
  }
},
{
  "model": "admin.logentry",
  "pk": 11,
  "fields": {
    "action_time": "2022-08-22T02:05:50.183Z",
    "user": 1,
    "content_type": 9,
    "object_id": "6",
    "object_repr": "TShirts",
    "action_flag": 1,
    "change_message": "[{\"added\": {}}]"
  }
},
{
  "model": "admin.logentry",
  "pk": 12,
  "fields": {
    "action_time": "2022-08-23T19:25:32.941Z",
    "user": 1,
    "content_type": 9,
    "object_id": "7",
    "object_repr": "1111",
    "action_flag": 3,
    "change_message": ""
  }
},
{
  "model": "admin.logentry",
  "pk": 13,
  "fields": {
    "action_time": "2022-08-23T19:25:54.001Z",
    "user": 1,
    "content_type": 9,
    "object_id": "8",
    "object_repr": "1111",
    "action_flag": 3,
    "change_message": ""
  }
},
{
  "model": "admin.logentry",
  "pk": 14,
  "fields": {
    "action_time": "2022-08-23T19:27:50.839Z",
    "user": 1,
    "content_type": 10,
    "object_id": "5",
    "object_repr": "Jeans",
    "action_flag": 1,
    "change_message": "[{\"added\": {}}]"
  }
},
{
  "model": "admin.logentry",
  "pk": 15,
  "fields": {
    "action_time": "2022-08-23T19:28:28.003Z",
    "user": 1,
    "content_type": 10,
    "object_id": "6",
    "object_repr": "Male Jeans",
    "action_flag": 1,
    "change_message": "[{\"added\": {}}]"
  }
},
{
  "model": "admin.logentry",
  "pk": 16,
  "fields": {
    "action_time": "2022-08-23T19:28:39.748Z",
    "user": 1,
    "content_type": 10,
    "object_id": "5",
    "object_repr": "Female Jeans",
    "action_flag": 2,
    "change_message": "[{\"changed\": {\"fields\": [\"Category\", \"Name\"]}}]"
  }
},
{
  "model": "admin.logentry",
  "pk": 17,
  "fields": {
    "action_time": "2022-08-23T19:29:14.558Z",
    "user": 1,
    "content_type": 10,
    "object_id": "7",
    "object_repr": "Female Kids Jeans",
    "action_flag": 1,
    "change_message": "[{\"added\": {}}]"
  }
},
{
  "model": "admin.logentry",
  "pk": 18,
  "fields": {
    "action_time": "2022-08-23T19:29:43.134Z",
    "user": 1,
    "content_type": 10,
    "object_id": "8",
    "object_repr": "Boy Jeans",
    "action_flag": 1,
    "change_message": "[{\"added\": {}}]"
  }
},
{
  "model": "admin.logentry",
  "pk": 19,
  "fields": {
    "action_time": "2022-08-23T19:30:15.274Z",
    "user": 1,
    "content_type": 10,
    "object_id": "9",
    "object_repr": "Social Male Shoes",
    "action_flag": 1,
    "change_message": "[{\"added\": {}}]"
  }
},
{
  "model": "admin.logentry",
  "pk": 20,
  "fields": {
    "action_time": "2022-08-23T19:30:51.394Z",
    "user": 1,
    "content_type": 10,
    "object_id": "10",
    "object_repr": "Female Social",
    "action_flag": 1,
    "change_message": "[{\"added\": {}}]"
  }
},
{
  "model": "admin.logentry",
  "pk": 21,
  "fields": {
    "action_time": "2022-08-23T19:31:22.527Z",
    "user": 1,
    "content_type": 10,
    "object_id": "11",
    "object_repr": "Male Running shoes",
    "action_flag": 1,
    "change_message": "[{\"added\": {}}]"
  }
},
{
  "model": "admin.logentry",
  "pk": 22,
  "fields": {
    "action_time": "2022-08-23T19:31:50.625Z",
    "user": 1,
    "content_type": 10,
    "object_id": "12",
    "object_repr": "Female Running Shoes",
    "action_flag": 1,
    "change_message": "[{\"added\": {}}]"
  }
},
{
  "model": "admin.logentry",
  "pk": 23,
  "fields": {
    "action_time": "2022-08-23T19:32:36.759Z",
    "user": 1,
    "content_type": 10,
    "object_id": "13",
    "object_repr": "Male Sweatpant",
    "action_flag": 1,
    "change_message": "[{\"added\": {}}]"
  }
},
{
  "model": "admin.logentry",
  "pk": 24,
  "fields": {
    "action_time": "2022-08-23T19:33:05.370Z",
    "user": 1,
    "content_type": 10,
    "object_id": "14",
    "object_repr": "Female Sweatpants",
    "action_flag": 1,
    "change_message": "[{\"added\": {}}]"
  }
},
{
  "model": "admin.logentry",
  "pk": 25,
  "fields": {
    "action_time": "2022-08-23T19:33:23.899Z",
    "user": 1,
    "content_type": 9,
    "object_id": "10",
    "object_repr": "Sweatshirt",
    "action_flag": 1,
    "change_message": "[{\"added\": {}}]"
  }
},
{
  "model": "admin.logentry",
  "pk": 26,
  "fields": {
    "action_time": "2022-08-23T19:33:49.447Z",
    "user": 1,
    "content_type": 10,
    "object_id": "15",
    "object_repr": "Male Sweatshirt",
    "action_flag": 1,
    "change_message": "[{\"added\": {}}]"
  }
},
{
  "model": "admin.logentry",
  "pk": 27,
  "fields": {
    "action_time": "2022-08-23T19:34:16.835Z",
    "user": 1,
    "content_type": 10,
    "object_id": "16",
    "object_repr": "Female Sweatshirt",
    "action_flag": 1,
    "change_message": "[{\"added\": {}}]"
  }
},
{
  "model": "admin.logentry",
  "pk": 28,
  "fields": {
    "action_time": "2022-08-23T19:35:06.411Z",
    "user": 1,
    "content_type": 10,
    "object_id": "17",
    "object_repr": "Lions Tiger Women Tshirt",
    "action_flag": 1,
    "change_message": "[{\"added\": {}}]"
  }
},
{
  "model": "admin.logentry",
  "pk": 29,
  "fields": {
    "action_time": "2022-08-23T19:36:05.054Z",
    "user": 1,
    "content_type": 10,
    "object_id": "18",
    "object_repr": "Black t-Shirt Mens",
    "action_flag": 1,
    "change_message": "[{\"added\": {}}]"
  }
},
{
  "model": "admin.logentry",
  "pk": 30,
  "fields": {
    "action_time": "2022-08-23T19:36:57.781Z",
    "user": 1,
    "content_type": 10,
    "object_id": "19",
    "object_repr": "Boy Skateboard t-Shirt",
    "action_flag": 1,
    "change_message": "[{\"added\": {}}]"
  }
},
{
  "model": "admin.logentry",
  "pk": 31,
  "fields": {
    "action_time": "2022-08-23T19:37:40.531Z",
    "user": 1,
    "content_type": 10,
    "object_id": "20",
    "object_repr": "Girls I Love my Daddy t-Shirt",
    "action_flag": 1,
    "change_message": "[{\"added\": {}}]"
  }
},
{
  "model": "admin.logentry",
  "pk": 32,
  "fields": {
    "action_time": "2022-08-23T19:42:59.544Z",
    "user": 1,
    "content_type": 10,
    "object_id": "10",
    "object_repr": "Female Social",
    "action_flag": 2,
    "change_message": "[]"
  }
},
{
  "model": "admin.logentry",
  "pk": 33,
  "fields": {
    "action_time": "2022-08-24T12:13:48.514Z",
    "user": 1,
    "content_type": 11,
    "object_id": "14",
    "object_repr": "Order 14",
    "action_flag": 3,
    "change_message": ""
  }
},
{
  "model": "admin.logentry",
  "pk": 34,
  "fields": {
    "action_time": "2022-08-24T12:13:48.522Z",
    "user": 1,
    "content_type": 11,
    "object_id": "13",
    "object_repr": "Order 13",
    "action_flag": 3,
    "change_message": ""
  }
},
{
  "model": "admin.logentry",
  "pk": 35,
  "fields": {
    "action_time": "2022-08-24T12:13:48.523Z",
    "user": 1,
    "content_type": 11,
    "object_id": "12",
    "object_repr": "Order 12",
    "action_flag": 3,
    "change_message": ""
  }
},
{
  "model": "admin.logentry",
  "pk": 36,
  "fields": {
    "action_time": "2022-08-24T12:13:48.525Z",
    "user": 1,
    "content_type": 11,
    "object_id": "11",
    "object_repr": "Order 11",
    "action_flag": 3,
    "change_message": ""
  }
},
{
  "model": "admin.logentry",
  "pk": 37,
  "fields": {
    "action_time": "2022-08-24T12:13:48.526Z",
    "user": 1,
    "content_type": 11,
    "object_id": "10",
    "object_repr": "Order 10",
    "action_flag": 3,
    "change_message": ""
  }
},
{
  "model": "admin.logentry",
  "pk": 38,
  "fields": {
    "action_time": "2022-08-24T12:13:48.527Z",
    "user": 1,
    "content_type": 11,
    "object_id": "9",
    "object_repr": "Order 9",
    "action_flag": 3,
    "change_message": ""
  }
},
{
  "model": "admin.logentry",
  "pk": 39,
  "fields": {
    "action_time": "2022-08-24T12:13:48.529Z",
    "user": 1,
    "content_type": 11,
    "object_id": "8",
    "object_repr": "Order 8",
    "action_flag": 3,
    "change_message": ""
  }
},
{
  "model": "admin.logentry",
  "pk": 40,
  "fields": {
    "action_time": "2022-08-24T12:13:48.530Z",
    "user": 1,
    "content_type": 11,
    "object_id": "7",
    "object_repr": "Order 7",
    "action_flag": 3,
    "change_message": ""
  }
},
{
  "model": "admin.logentry",
  "pk": 41,
  "fields": {
    "action_time": "2022-08-24T12:13:48.531Z",
    "user": 1,
    "content_type": 11,
    "object_id": "6",
    "object_repr": "Order 6",
    "action_flag": 3,
    "change_message": ""
  }
},
{
  "model": "admin.logentry",
  "pk": 42,
  "fields": {
    "action_time": "2022-08-24T12:13:48.532Z",
    "user": 1,
    "content_type": 11,
    "object_id": "5",
    "object_repr": "Order 5",
    "action_flag": 3,
    "change_message": ""
  }
},
{
  "model": "auth.permission",
  "pk": 1,
  "fields": {
    "name": "Can add log entry",
    "content_type": 1,
    "codename": "add_logentry"
  }
},
{
  "model": "auth.permission",
  "pk": 2,
  "fields": {
    "name": "Can change log entry",
    "content_type": 1,
    "codename": "change_logentry"
  }
},
{
  "model": "auth.permission",
  "pk": 3,
  "fields": {
    "name": "Can delete log entry",
    "content_type": 1,
    "codename": "delete_logentry"
  }
},
{
  "model": "auth.permission",
  "pk": 4,
  "fields": {
    "name": "Can view log entry",
    "content_type": 1,
    "codename": "view_logentry"
  }
},
{
  "model": "auth.permission",
  "pk": 5,
  "fields": {
    "name": "Can add permission",
    "content_type": 2,
    "codename": "add_permission"
  }
},
{
  "model": "auth.permission",
  "pk": 6,
  "fields": {
    "name": "Can change permission",
    "content_type": 2,
    "codename": "change_permission"
  }
},
{
  "model": "auth.permission",
  "pk": 7,
  "fields": {
    "name": "Can delete permission",
    "content_type": 2,
    "codename": "delete_permission"
  }
},
{
  "model": "auth.permission",
  "pk": 8,
  "fields": {
    "name": "Can view permission",
    "content_type": 2,
    "codename": "view_permission"
  }
},
{
  "model": "auth.permission",
  "pk": 9,
  "fields": {
    "name": "Can add group",
    "content_type": 3,
    "codename": "add_group"
  }
},
{
  "model": "auth.permission",
  "pk": 10,
  "fields": {
    "name": "Can change group",
    "content_type": 3,
    "codename": "change_group"
  }
},
{
  "model": "auth.permission",
  "pk": 11,
  "fields": {
    "name": "Can delete group",
    "content_type": 3,
    "codename": "delete_group"
  }
},
{
  "model": "auth.permission",
  "pk": 12,
  "fields": {
    "name": "Can view group",
    "content_type": 3,
    "codename": "view_group"
  }
},
{
  "model": "auth.permission",
  "pk": 13,
  "fields": {
    "name": "Can add user",
    "content_type": 4,
    "codename": "add_user"
  }
},
{
  "model": "auth.permission",
  "pk": 14,
  "fields": {
    "name": "Can change user",
    "content_type": 4,
    "codename": "change_user"
  }
},
{
  "model": "auth.permission",
  "pk": 15,
  "fields": {
    "name": "Can delete user",
    "content_type": 4,
    "codename": "delete_user"
  }
},
{
  "model": "auth.permission",
  "pk": 16,
  "fields": {
    "name": "Can view user",
    "content_type": 4,
    "codename": "view_user"
  }
},
{
  "model": "auth.permission",
  "pk": 17,
  "fields": {
    "name": "Can add content type",
    "content_type": 5,
    "codename": "add_contenttype"
  }
},
{
  "model": "auth.permission",
  "pk": 18,
  "fields": {
    "name": "Can change content type",
    "content_type": 5,
    "codename": "change_contenttype"
  }
},
{
  "model": "auth.permission",
  "pk": 19,
  "fields": {
    "name": "Can delete content type",
    "content_type": 5,
    "codename": "delete_contenttype"
  }
},
{
  "model": "auth.permission",
  "pk": 20,
  "fields": {
    "name": "Can view content type",
    "content_type": 5,
    "codename": "view_contenttype"
  }
},
{
  "model": "auth.permission",
  "pk": 21,
  "fields": {
    "name": "Can add session",
    "content_type": 6,
    "codename": "add_session"
  }
},
{
  "model": "auth.permission",
  "pk": 22,
  "fields": {
    "name": "Can change session",
    "content_type": 6,
    "codename": "change_session"
  }
},
{
  "model": "auth.permission",
  "pk": 23,
  "fields": {
    "name": "Can delete session",
    "content_type": 6,
    "codename": "delete_session"
  }
},
{
  "model": "auth.permission",
  "pk": 24,
  "fields": {
    "name": "Can view session",
    "content_type": 6,
    "codename": "view_session"
  }
},
{
  "model": "auth.permission",
  "pk": 25,
  "fields": {
    "name": "Can add Token",
    "content_type": 7,
    "codename": "add_token"
  }
},
{
  "model": "auth.permission",
  "pk": 26,
  "fields": {
    "name": "Can change Token",
    "content_type": 7,
    "codename": "change_token"
  }
},
{
  "model": "auth.permission",
  "pk": 27,
  "fields": {
    "name": "Can delete Token",
    "content_type": 7,
    "codename": "delete_token"
  }
},
{
  "model": "auth.permission",
  "pk": 28,
  "fields": {
    "name": "Can view Token",
    "content_type": 7,
    "codename": "view_token"
  }
},
{
  "model": "auth.permission",
  "pk": 29,
  "fields": {
    "name": "Can add token",
    "content_type": 8,
    "codename": "add_tokenproxy"
  }
},
{
  "model": "auth.permission",
  "pk": 30,
  "fields": {
    "name": "Can change token",
    "content_type": 8,
    "codename": "change_tokenproxy"
  }
},
{
  "model": "auth.permission",
  "pk": 31,
  "fields": {
    "name": "Can delete token",
    "content_type": 8,
    "codename": "delete_tokenproxy"
  }
},
{
  "model": "auth.permission",
  "pk": 32,
  "fields": {
    "name": "Can view token",
    "content_type": 8,
    "codename": "view_tokenproxy"
  }
},
{
  "model": "auth.permission",
  "pk": 33,
  "fields": {
    "name": "Can add category",
    "content_type": 9,
    "codename": "add_category"
  }
},
{
  "model": "auth.permission",
  "pk": 34,
  "fields": {
    "name": "Can change category",
    "content_type": 9,
    "codename": "change_category"
  }
},
{
  "model": "auth.permission",
  "pk": 35,
  "fields": {
    "name": "Can delete category",
    "content_type": 9,
    "codename": "delete_category"
  }
},
{
  "model": "auth.permission",
  "pk": 36,
  "fields": {
    "name": "Can view category",
    "content_type": 9,
    "codename": "view_category"
  }
},
{
  "model": "auth.permission",
  "pk": 37,
  "fields": {
    "name": "Can add product",
    "content_type": 10,
    "codename": "add_product"
  }
},
{
  "model": "auth.permission",
  "pk": 38,
  "fields": {
    "name": "Can change product",
    "content_type": 10,
    "codename": "change_product"
  }
},
{
  "model": "auth.permission",
  "pk": 39,
  "fields": {
    "name": "Can delete product",
    "content_type": 10,
    "codename": "delete_product"
  }
},
{
  "model": "auth.permission",
  "pk": 40,
  "fields": {
    "name": "Can view product",
    "content_type": 10,
    "codename": "view_product"
  }
},
{
  "model": "auth.permission",
  "pk": 41,
  "fields": {
    "name": "Can add order",
    "content_type": 11,
    "codename": "add_order"
  }
},
{
  "model": "auth.permission",
  "pk": 42,
  "fields": {
    "name": "Can change order",
    "content_type": 11,
    "codename": "change_order"
  }
},
{
  "model": "auth.permission",
  "pk": 43,
  "fields": {
    "name": "Can delete order",
    "content_type": 11,
    "codename": "delete_order"
  }
},
{
  "model": "auth.permission",
  "pk": 44,
  "fields": {
    "name": "Can view order",
    "content_type": 11,
    "codename": "view_order"
  }
},
{
  "model": "auth.permission",
  "pk": 45,
  "fields": {
    "name": "Can add order item",
    "content_type": 12,
    "codename": "add_orderitem"
  }
},
{
  "model": "auth.permission",
  "pk": 46,
  "fields": {
    "name": "Can change order item",
    "content_type": 12,
    "codename": "change_orderitem"
  }
},
{
  "model": "auth.permission",
  "pk": 47,
  "fields": {
    "name": "Can delete order item",
    "content_type": 12,
    "codename": "delete_orderitem"
  }
},
{
  "model": "auth.permission",
  "pk": 48,
  "fields": {
    "name": "Can view order item",
    "content_type": 12,
    "codename": "view_orderitem"
  }
},
{
  "model": "auth.user",
  "pk": 1,
  "fields": {
    "password": "pbkdf2_sha256$390000$68TN9aev4BBDW8rtyqFs1y$0u7hoNrPUf44P/xGF/GGRDm88T7SF46SXrcvLWqWn44=",
    "last_login": "2022-08-22T02:48:49.587Z",
    "is_superuser": true,
    "username": "yuri",
    "first_name": "",
    "last_name": "",
    "email": "y@gmail.com",
    "is_staff": true,
    "is_active": true,
    "date_joined": "2022-08-21T23:02:48.313Z",
    "groups": [],
    "user_permissions": []
  }
},
{
  "model": "contenttypes.contenttype",
  "pk": 1,
  "fields": {
    "app_label": "admin",
    "model": "logentry"
  }
},
{
  "model": "contenttypes.contenttype",
  "pk": 2,
  "fields": {
    "app_label": "auth",
    "model": "permission"
  }
},
{
  "model": "contenttypes.contenttype",
  "pk": 3,
  "fields": {
    "app_label": "auth",
    "model": "group"
  }
},
{
  "model": "contenttypes.contenttype",
  "pk": 4,
  "fields": {
    "app_label": "auth",
    "model": "user"
  }
},
{
  "model": "contenttypes.contenttype",
  "pk": 5,
  "fields": {
    "app_label": "contenttypes",
    "model": "contenttype"
  }
},
{
  "model": "contenttypes.contenttype",
  "pk": 6,
  "fields": {
    "app_label": "sessions",
    "model": "session"
  }
},
{
  "model": "contenttypes.contenttype",
  "pk": 7,
  "fields": {
    "app_label": "authtoken",
    "model": "token"
  }
},
{
  "model": "contenttypes.contenttype",
  "pk": 8,
  "fields": {
    "app_label": "authtoken",
    "model": "tokenproxy"
  }
},
{
  "model": "contenttypes.contenttype",
  "pk": 9,
  "fields": {
    "app_label": "store",
    "model": "category"
  }
},
{
  "model": "contenttypes.contenttype",
  "pk": 10,
  "fields": {
    "app_label": "store",
    "model": "product"
  }
},
{
  "model": "contenttypes.contenttype",
  "pk": 11,
  "fields": {
    "app_label": "orders",
    "model": "order"
  }
},
{
  "model": "contenttypes.contenttype",
  "pk": 12,
  "fields": {
    "app_label": "orders",
    "model": "orderitem"
  }
},
{
  "model": "sessions.session",
  "pk": "n3yyh73o9btn64f6jbm2f52hu8ekoqez",
  "fields": {
    "session_data": ".eJxVjEEOwiAQRe_C2pBChwIu3fcMzQwzSNW0SWlXxrsbki50-997_60mPPYyHVW2aWZ1VUZdfjfC9JSlAX7gcl91Wpd9m0k3RZ-06nFled1O9--gYC2t9iaDJRDumZw1nKED7KFjpBhIgliLzskgNtrgyaH4LuYBPPQ5h6Q-X_RuODg:1oPxUf:FXKnkW70mYGJK8UGGF1myU-oh4CPC6vO7WgVYXdennQ",
    "expire_date": "2022-09-05T02:48:49.589Z"
  }
},
{
  "model": "sessions.session",
  "pk": "w2ue0dg13y5s0eg24qm4yxdj3ug9kt7i",
  "fields": {
    "session_data": ".eJxVjEEOwiAQRe_C2pBChwIu3fcMzQwzSNW0SWlXxrsbki50-997_60mPPYyHVW2aWZ1VUZdfjfC9JSlAX7gcl91Wpd9m0k3RZ-06nFled1O9--gYC2t9iaDJRDumZw1nKED7KFjpBhIgliLzskgNtrgyaH4LuYBPPQ5h6Q-X_RuODg:1oPty6:VsnezhnW9Yz6yHGxA3CoEkWH99V2pWbrE13xl3Q2dAg",
    "expire_date": "2022-09-04T23:02:58.551Z"
  }
},
{
  "model": "sessions.session",
  "pk": "zcwqt2qb271wvlocf98lakbj89enipm3",
  "fields": {
    "session_data": "eyJjYXJ0Ijp7fX0:1oQrSK:cqWb3stBDjS_RlX16FJwTbv5OJm-YBD8oY0xMGwbRr0",
    "expire_date": "2022-09-07T14:34:08.254Z"
  }
},
{
  "model": "authtoken.token",
  "pk": "aec722d7b8c0aa05f08a83e6926e46aacdaf8e3b",
  "fields": {
    "user": 1,
    "created": "2022-08-21T23:03:04.634Z"
  }
},
{
  "model": "store.category",
  "pk": 2,
  "fields": {
    "name": "Fashion",
    "slug": "fashion"
  }
},
{
  "model": "store.category",
  "pk": 3,
  "fields": {
    "name": "Jeans",
    "slug": "jeans"
  }
},
{
  "model": "store.category",
  "pk": 4,
  "fields": {
    "name": "Shoes",
    "slug": "shoes"
  }
},
{
  "model": "store.category",
  "pk": 5,
  "fields": {
    "name": "Sweatpants",
    "slug": "sweatpants"
  }
},
{
  "model": "store.category",
  "pk": 6,
  "fields": {
    "name": "TShirts",
    "slug": "tshirts"
  }
},
{
  "model": "store.category",
  "pk": 9,
  "fields": {
    "name": "House",
    "slug": "house"
  }
},
{
  "model": "store.category",
  "pk": 10,
  "fields": {
    "name": "Sweatshirt",
    "slug": "sweatshirt"
  }
},
{
  "model": "store.product",
  "pk": 5,
  "fields": {
    "category": 3,
    "name": "Female Jeans",
    "slug": "jeans",
    "image": "products/2022/08/23/female.jpg",
    "description": "Nullam aliquam viverra consectetur. Etiam bibendum, lorem et iaculis mattis, libero arcu ornare dolor, ut venenatis purus erat in tortor. Nunc quis purus vel odio dictum ornare ac eu neque. Ut id porttitor eros. In sagittis augue metus, vel laoreet felis iaculis id. Nam egestas porta consequat. Sed semper convallis dui, ut sagittis odio efficitur ac.",
    "price": "70.00",
    "available": true,
    "created": "2022-08-23T19:27:50.838Z",
    "updated": "2022-08-23T19:28:39.747Z"
  }
},
{
  "model": "store.product",
  "pk": 6,
  "fields": {
    "category": 3,
    "name": "Male Jeans",
    "slug": "male-jeans",
    "image": "products/2022/08/23/male.jpg",
    "description": "Lorem ipsum dolor sit amet, consectetur adipiscing elit. In eget erat vitae enim gravida laoreet vel sed nulla. Nunc maximus lacus diam, id molestie velit feugiat sed. Cras mattis euismod massa, in pellentesque dui sollicitudin quis. Maecenas eleifend leo erat, vel fermentum diam tincidunt quis. Nulla vehicula neque metus, quis suscipit lacus egestas eu. Quisque hendrerit quam vitae erat lobortis dictum. Nullam id placerat lacus, in placerat lacus. Mauris ut velit id nunc aliquet mattis. Nunc ullamcorper sapien vitae est lobortis, et porttitor massa pellentesque. Proin in nisi elementum, ultrices elit non, tristique nunc.",
    "price": "120.00",
    "available": true,
    "created": "2022-08-23T19:28:28.002Z",
    "updated": "2022-08-23T19:28:28.002Z"
  }
},
{
  "model": "store.product",
  "pk": 7,
  "fields": {
    "category": 3,
    "name": "Female Kids Jeans",
    "slug": "female-kids-jeans",
    "image": "products/2022/08/23/male_5ZfiKmn.jpg",
    "description": "Proin eleifend nisl eget pulvinar tempus. Suspendisse ullamcorper erat at ullamcorper iaculis. Donec non tincidunt augue. Pellentesque semper pretium risus, eget suscipit massa condimentum in. Nunc luctus tortor vitae pretium bibendum. Sed in urna enim. Ut vitae hendrerit ipsum. Donec ut ipsum efficitur metus ullamcorper gravida. Donec porta massa in luctus lacinia. Quisque tempus porta ligula non posuere. Nullam erat sapien, condimentum quis eleifend quis, dapibus non est. Vestibulum sed sapien id ante sollicitudin tempus.",
    "price": "50.00",
    "available": true,
    "created": "2022-08-23T19:29:14.558Z",
    "updated": "2022-08-23T19:29:14.558Z"
  }
},
{
  "model": "store.product",
  "pk": 8,
  "fields": {
    "category": 3,
    "name": "Boy Jeans",
    "slug": "boy-jeans",
    "image": "products/2022/08/23/male_Ea2xqpH.jpg",
    "description": "Morbi neque est, dictum in ex eget, porttitor finibus est. Maecenas lobortis convallis metus sed hendrerit. Vivamus bibendum neque quis sem maximus, non placerat odio ultricies. In efficitur nec ipsum tincidunt volutpat. Integer at magna at tortor venenatis blandit vel ac tellus. Quisque a sodales diam, ac egestas nunc. Etiam sagittis felis arcu, vitae iaculis lorem convallis eu. Integer lacinia mauris vitae molestie hendrerit. Donec sit amet sem ipsum.",
    "price": "50.00",
    "available": true,
    "created": "2022-08-23T19:29:43.133Z",
    "updated": "2022-08-23T19:29:43.133Z"
  }
},
{
  "model": "store.product",
  "pk": 9,
  "fields": {
    "category": 4,
    "name": "Social Male Shoes",
    "slug": "social-male-shoes",
    "image": "products/2022/08/23/male_pgNX3Bw.jpg",
    "description": "Praesent ac varius velit. Sed laoreet condimentum tellus, sit amet congue lorem porttitor pretium. Curabitur elementum consectetur venenatis. Praesent ipsum magna, eleifend non mattis vitae, convallis sed tortor. Quisque in pellentesque ante. Donec sodales erat eu vulputate ullamcorper. Aliquam pharetra velit nulla, nec rhoncus erat finibus sed. Vivamus at faucibus ex, et rutrum dolor. Fusce convallis dignissim pulvinar. Sed vel nulla eu nisi interdum venenatis at ut tortor. Curabitur mi arcu, vehicula eu odio eu, pharetra vulputate tellus.",
    "price": "170.00",
    "available": true,
    "created": "2022-08-23T19:30:15.273Z",
    "updated": "2022-08-23T19:30:15.273Z"
  }
},
{
  "model": "store.product",
  "pk": 10,
  "fields": {
    "category": 4,
    "name": "Female Social",
    "slug": "female-social",
    "image": "products/2022/08/23/female_ZhtZmEE.jpg",
    "description": "Pellentesque tincidunt erat vel erat pretium, vel interdum metus egestas. Proin at ligula elementum, hendrerit tellus sed, convallis tellus. Curabitur vel dui non nibh feugiat molestie. Pellentesque elementum fringilla enim. Cras malesuada volutpat urna, id fermentum sem finibus sed. Pellentesque elit est, faucibus eu tempus at, faucibus ac lorem. Quisque faucibus lectus at lobortis pulvinar.",
    "price": "300.00",
    "available": true,
    "created": "2022-08-23T19:30:51.394Z",
    "updated": "2022-08-23T19:42:59.543Z"
  }
},
{
  "model": "store.product",
  "pk": 11,
  "fields": {
    "category": 4,
    "name": "Male Running shoes",
    "slug": "male-running-shoes",
    "image": "products/2022/08/23/male_FKaRHz4.jpg",
    "description": "Nam velit ante, dignissim at risus sed, cursus imperdiet tortor. Orci varius natoque penatibus et magnis dis parturient montes, nascetur ridiculus mus. Integer in massa lorem. Maecenas vitae rhoncus tortor. Aenean nisl augue, faucibus ullamcorper ligula fringilla, dictum bibendum diam. In aliquam nisi vel purus consequat, a suscipit nibh vulputate. Praesent a nulla viverra sem consequat maximus. Fusce dapibus, metus non facilisis varius, mi augue tempor mi, eget congue libero ante non lectus. Ut accumsan dapibus lacus, ut lacinia arcu bibendum vitae. Pellentesque habitant morbi tristique senectus et netus et malesuada fames ac turpis egestas. Duis sagittis nisl sit amet purus scelerisque, aliquam laoreet neque fermentum. Pellentesque quis accumsan elit, sit amet venenatis urna. In iaculis tristique tincidunt. Vestibulum at suscipit quam. Morbi vitae congue purus.",
    "price": "170.00",
    "available": true,
    "created": "2022-08-23T19:31:22.527Z",
    "updated": "2022-08-23T19:31:22.527Z"
  }
},
{
  "model": "store.product",
  "pk": 12,
  "fields": {
    "category": 4,
    "name": "Female Running Shoes",
    "slug": "female-running-shoes",
    "image": "",
    "description": "Pellentesque dolor ex, facilisis eu dolor non, congue porttitor nulla. Proin iaculis interdum justo malesuada sollicitudin. Fusce bibendum lobortis dapibus. Maecenas in suscipit tortor, ut ultrices felis. Vivamus vestibulum magna nec purus tempus molestie. Phasellus at maximus ligula. Pellentesque vel nisi eget nisi luctus pulvinar a eget purus. Duis tempor enim eget eros hendrerit, et sodales nunc malesuada. Pellentesque habitant morbi tristique senectus et netus et malesuada fames ac turpis egestas. Morbi vitae libero vel metus imperdiet efficitur. Sed eget elit nec nibh bibendum semper. Vivamus sit amet posuere justo. Praesent eget justo vel orci eleifend ultricies. Fusce at nisl tristique mi porttitor ultricies nec sed risus.",
    "price": "170.00",
    "available": true,
    "created": "2022-08-23T19:31:50.625Z",
    "updated": "2022-08-23T19:31:50.625Z"
  }
},
{
  "model": "store.product",
  "pk": 13,
  "fields": {
    "category": 5,
    "name": "Male Sweatpant",
    "slug": "male-sweatpant",
    "image": "products/2022/08/23/male_7E3F0zL.jpg",
    "description": "Vivamus ipsum massa, ultricies quis porttitor et, tincidunt ac turpis. Morbi suscipit lectus et eros aliquet, non lobortis ex dapibus. Curabitur purus diam, tristique ac cursus tempor, faucibus sed diam. Maecenas arcu mi, mattis non nibh at, mollis sagittis ipsum. Fusce rhoncus arcu vitae tellus tristique commodo. Sed pharetra lobortis aliquam. In hac habitasse platea dictumst. Proin vestibulum lorem vel nisi finibus, non porta leo consectetur. Fusce sed quam ex. Morbi arcu nisl, facilisis quis risus eget, convallis iaculis mi. Pellentesque habitant morbi tristique senectus et netus et malesuada fames ac turpis egestas. Integer semper tortor finibus leo pretium, ac condimentum tortor fermentum.",
    "price": "120.00",
    "available": true,
    "created": "2022-08-23T19:32:36.758Z",
    "updated": "2022-08-23T19:32:36.758Z"
  }
},
{
  "model": "store.product",
  "pk": 14,
  "fields": {
    "category": 5,
    "name": "Female Sweatpants",
    "slug": "female-sweatpants",
    "image": "products/2022/08/23/female.jpeg",
    "description": "Phasellus vitae ipsum nec sem sodales laoreet. Pellentesque sed posuere eros, sed placerat neque. Duis ut orci pellentesque, accumsan magna ut, dignissim ante. Sed ipsum purus, elementum nec risus id, eleifend iaculis massa. Vivamus a cursus dui. Proin nisi sapien, venenatis ut convallis volutpat, euismod vitae metus. Phasellus nulla ex, sollicitudin non magna et, cursus faucibus elit. Donec efficitur, eros vitae iaculis tempus, diam dui egestas ante, lobortis fringilla metus neque vel nunc. Nam convallis neque quis urna lobortis, a maximus turpis venenatis. Sed luctus auctor sapien vitae tempor. Cras faucibus accumsan ultricies. Aliquam bibendum arcu in purus cursus, varius laoreet sem tincidunt. Vestibulum iaculis metus risus, vel tincidunt lectus eleifend et. Etiam odio justo, porta at augue eu, rutrum pellentesque est. Etiam vitae tempus arcu. Cras eros metus, efficitur in porttitor in, viverra vel urna.",
    "price": "130.00",
    "available": true,
    "created": "2022-08-23T19:33:05.369Z",
    "updated": "2022-08-23T19:33:05.369Z"
  }
},
{
  "model": "store.product",
  "pk": 15,
  "fields": {
    "category": 10,
    "name": "Male Sweatshirt",
    "slug": "male-sweatshirt",
    "image": "products/2022/08/23/male.jpeg",
    "description": "Mauris sed nisi nulla. Interdum et malesuada fames ac ante ipsum primis in faucibus. Donec nec tellus venenatis, semper turpis eu, lobortis dolor. Praesent vulputate dapibus diam at semper. Mauris sed erat ut justo luctus ullamcorper. Donec quis diam cursus magna aliquet pulvinar. Mauris nec nisi sem. Vestibulum tincidunt sagittis mi nec sollicitudin. Duis laoreet odio sed nisi ultrices fringilla. Curabitur consectetur sodales mi quis suscipit. Aenean sodales venenatis fringilla. Sed urna purus, varius sit amet ipsum in, bibendum ornare leo.",
    "price": "120.00",
    "available": true,
    "created": "2022-08-23T19:33:49.446Z",
    "updated": "2022-08-23T19:33:49.446Z"
  }
},
{
  "model": "store.product",
  "pk": 16,
  "fields": {
    "category": 10,
    "name": "Female Sweatshirt",
    "slug": "female-sweatshirt",
    "image": "products/2022/08/23/female_yOK5xhG.jpeg",
    "description": "Proin ut ante a nibh suscipit hendrerit eu et velit. Duis commodo nisl nec enim auctor, ut posuere purus bibendum. Nunc arcu eros, sodales fringilla lorem at, rhoncus varius sapien. Aenean id ante non lacus tempus consequat ac eget magna. Proin eget ex vel urna consequat convallis rhoncus at nibh. Vestibulum ante ipsum primis in faucibus orci luctus et ultrices posuere cubilia curae; Morbi laoreet scelerisque metus, in ornare turpis. Nunc tincidunt gravida egestas. Quisque mauris diam, lacinia dapibus turpis sed, consequat sagittis tortor. Aliquam ac suscipit lectus. Etiam sodales magna ac lorem dictum posuere. Nam euismod eros sit amet mi dignissim, vel blandit elit tempus. Donec at nunc dui. Nulla dictum venenatis ex ut ultrices. Nullam egestas dui sit amet posuere dictum.",
    "price": "150.00",
    "available": true,
    "created": "2022-08-23T19:34:16.834Z",
    "updated": "2022-08-23T19:34:16.834Z"
  }
},
{
  "model": "store.product",
  "pk": 17,
  "fields": {
    "category": 6,
    "name": "Lions Tiger Women Tshirt",
    "slug": "lions-tiger-women-tshirt",
    "image": "products/2022/08/23/female_66GBvQb.jpeg",
    "description": "Aliquam erat volutpat. Nunc fringilla, erat sit amet venenatis tincidunt, nulla ipsum pellentesque augue, in elementum diam sem sed nunc. Mauris tincidunt accumsan massa, ut hendrerit diam mollis non. Nunc erat dui, lacinia ut consequat vel, scelerisque vel sapien. Aliquam facilisis, mi et consectetur tincidunt, ligula enim scelerisque dolor, porttitor auctor odio magna vulputate libero. Donec bibendum arcu non libero maximus, ut aliquam mi pretium. Fusce molestie, tortor in gravida ullamcorper, enim tortor pretium sapien, ut luctus urna risus et turpis. Cras suscipit, magna nec lobortis euismod, justo mauris tempor augue, vel suscipit augue nunc vitae sem.",
    "price": "70.00",
    "available": true,
    "created": "2022-08-23T19:35:06.411Z",
    "updated": "2022-08-23T19:35:06.411Z"
  }
},
{
  "model": "store.product",
  "pk": 18,
  "fields": {
    "category": 6,
    "name": "Black t-Shirt Mens",
    "slug": "black-t-shirt-mens",
    "image": "products/2022/08/23/male_G4TFbRq.jpg",
    "description": "Maecenas dignissim elementum porttitor. Duis luctus, massa sed bibendum viverra, erat sapien auctor ipsum, vitae finibus nisi enim vel libero. Donec nec felis eleifend, fermentum orci et, accumsan tortor. Sed sed imperdiet sapien, eget fermentum risus. Mauris quis vestibulum justo, vitae scelerisque arcu. Quisque ullamcorper est at lorem aliquet, ut cursus arcu mattis. Praesent ut vestibulum lacus, id tincidunt felis. Vivamus eu neque nunc. Aenean gravida enim in diam viverra maximus.",
    "price": "70.00",
    "available": true,
    "created": "2022-08-23T19:36:05.053Z",
    "updated": "2022-08-23T19:36:05.053Z"
  }
},
{
  "model": "store.product",
  "pk": 19,
  "fields": {
    "category": 6,
    "name": "Boy Skateboard t-Shirt",
    "slug": "boy-skateboard-t-shirt",
    "image": "products/2022/08/23/male_3YPS8nF.jpg",
    "description": "Quisque erat justo, ultricies vitae malesuada sed, tempus dapibus tortor. Morbi sed nisl massa. Nulla et erat lacus. Proin facilisis tincidunt feugiat. Nullam facilisis at turpis eget porta. Sed hendrerit ligula ante, nec tempor ipsum placerat non. In eu mi sit amet justo blandit fermentum vitae sed leo.",
    "price": "40.00",
    "available": true,
    "created": "2022-08-23T19:36:57.781Z",
    "updated": "2022-08-23T19:36:57.781Z"
  }
},
{
  "model": "store.product",
  "pk": 20,
  "fields": {
    "category": 6,
    "name": "Girls I Love my Daddy t-Shirt",
    "slug": "girls-i-love-my-daddy-t-shirt",
    "image": "products/2022/08/23/female_lgswtzp.jpg",
    "description": "Nulla placerat euismod dolor, eu condimentum arcu. Vestibulum et ex ac leo sollicitudin efficitur. Integer cursus congue massa nec pellentesque. Integer tristique quam at blandit sodales. Fusce tempus metus a lacinia dignissim. Sed leo tortor, ullamcorper at vulputate et, imperdiet et dolor. Phasellus nec dolor in turpis varius dapibus. Fusce non pulvinar massa. Praesent luctus vehicula erat quis feugiat. Nunc vel tellus congue, mollis purus quis, pellentesque urna. Integer porttitor est enim.",
    "price": "50.00",
    "available": true,
    "created": "2022-08-23T19:37:40.530Z",
    "updated": "2022-08-23T19:37:40.530Z"
  }
},
{
  "model": "store.product",
  "pk": 21,
  "fields": {
    "category": 2,
    "name": "Calça",
    "slug": "calca",
    "image": "",
    "description": "Calça jeans",
    "price": "100.00",
    "available": true,
    "created": "2022-08-23T19:56:48.432Z",
    "updated": "2022-08-23T19:56:48.432Z"
  }
},
{
  "model": "store.product",
  "pk": 22,
  "fields": {
    "category": 2,
    "name": "Calça",
    "slug": "calca",
    "image": "",
    "description": "Calça jeans",
    "price": "100.00",
    "available": true,
    "created": "2022-08-24T01:23:47.257Z",
    "updated": "2022-08-24T01:23:47.257Z"
  }
},
{
  "model": "store.product",
  "pk": 23,
  "fields": {
    "category": 2,
    "name": "Calça",
    "slug": "calca",
    "image": "",
    "description": "Calça jeans",
    "price": "100.00",
    "available": true,
    "created": "2022-08-24T01:23:48.830Z",
    "updated": "2022-08-24T01:23:48.830Z"
  }
},
{
  "model": "store.product",
  "pk": 24,
  "fields": {
    "category": 2,
    "name": "Calça",
    "slug": "calca",
    "image": "",
    "description": "Calça jeans",
    "price": "100.00",
    "available": true,
    "created": "2022-08-24T01:23:49.580Z",
    "updated": "2022-08-24T01:23:49.580Z"
  }
},
{
  "model": "store.product",
  "pk": 25,
  "fields": {
    "category": 2,
    "name": "Calça",
    "slug": "calca",
    "image": "",
    "description": "Calça jeans",
    "price": "100.00",
    "available": true,
    "created": "2022-08-24T14:08:00.204Z",
    "updated": "2022-08-24T14:08:00.204Z"
  }
},
{
  "model": "orders.order",
  "pk": 1,
  "fields": {
    "first_name": "Yuri",
    "last_name": "Caetano",
    "email": "yuuri.caetano@gmail.com",
    "address": "Rua Henriqe",
    "postal_code": "83060460",
    "city": "Sao Jose dos pinhais",
    "created": "2022-08-24T00:16:17.847Z",
    "updated": "2022-08-24T00:16:17.847Z",
    "paid": false
  }
},
{
  "model": "orders.order",
  "pk": 2,
  "fields": {
    "first_name": "Yuri",
    "last_name": "Caetano",
    "email": "yuuri.caetano@gmail.com",
    "address": "Rua Henriqe",
    "postal_code": "83060460",
    "city": "Sao Jose dos pinhais",
    "created": "2022-08-24T00:16:22.984Z",
    "updated": "2022-08-24T00:16:22.984Z",
    "paid": false
  }
},
{
  "model": "orders.order",
  "pk": 3,
  "fields": {
    "first_name": "Yuri",
    "last_name": "Caetano",
    "email": "yuuri.caetano@gmail.com",
    "address": "Rua Henriqe",
    "postal_code": "83060460",
    "city": "Sao Jose dos pinhais",
    "created": "2022-08-24T00:16:34.397Z",
    "updated": "2022-08-24T00:16:34.397Z",
    "paid": false
  }
},
{
  "model": "orders.order",
  "pk": 4,
  "fields": {
    "first_name": "Yuri",
    "last_name": "Caetano",
    "email": "yuuri.caetano@gmail.com",
    "address": "Rua Henriqe",
    "postal_code": "83060460",
    "city": "Sao Jose dos pinhais",
    "created": "2022-08-24T00:16:35.071Z",
    "updated": "2022-08-24T00:16:35.071Z",
    "paid": false
  }
},
{
  "model": "orders.order",
  "pk": 15,
  "fields": {
    "first_name": "Yuri",
    "last_name": "Caetano",
    "email": "yuuri.caetano@gmail.com",
    "address": "Rua Henriqe",
    "postal_code": "83060460",
    "city": "Sao Jose dos pinhais",
    "created": "2022-08-24T12:47:21.351Z",
    "updated": "2022-08-24T12:47:21.351Z",
    "paid": false
  }
},
{
  "model": "orders.order",
  "pk": 16,
  "fields": {
    "first_name": "Yuri",
    "last_name": "Caetano",
    "email": "yuuri.caetano@gmail.com",
    "address": "Rua Henriqe",
    "postal_code": "83060460",
    "city": "Sao Jose dos pinhais",
    "created": "2022-08-24T12:49:42.021Z",
    "updated": "2022-08-24T12:49:42.021Z",
    "paid": false
  }
},
{
  "model": "orders.order",
  "pk": 17,
  "fields": {
    "first_name": "Yuri",
    "last_name": "Caetano",
    "email": "yuuri.caetano@gmail.com",
    "address": "Rua Henriqe",
    "postal_code": "83060460",
    "city": "Sao Jose dos pinhais",
    "created": "2022-08-24T12:49:44.496Z",
    "updated": "2022-08-24T12:49:44.496Z",
    "paid": false
  }
},
{
  "model": "orders.order",
  "pk": 18,
  "fields": {
    "first_name": "Yuri",
    "last_name": "Caetano",
    "email": "yuuri.caetano@gmail.com",
    "address": "Rua Henriqe",
    "postal_code": "83060460",
    "city": "Sao Jose dos pinhais",
    "created": "2022-08-24T12:49:53.743Z",
    "updated": "2022-08-24T12:49:53.743Z",
    "paid": false
  }
},
{
  "model": "orders.order",
  "pk": 19,
  "fields": {
    "first_name": "Yuri",
    "last_name": "Caetano",
    "email": "yuuri.caetano@gmail.com",
    "address": "Rua Henriqe",
    "postal_code": "83060460",
    "city": "Sao Jose dos pinhais",
    "created": "2022-08-24T12:50:45.124Z",
    "updated": "2022-08-24T12:50:45.124Z",
    "paid": false
  }
},
{
  "model": "orders.order",
  "pk": 20,
  "fields": {
    "first_name": "Yuri",
    "last_name": "Caetano",
    "email": "yuuri.caetano@gmail.com",
    "address": "Rua Henriqe",
    "postal_code": "83060460",
    "city": "Sao Jose dos pinhais",
    "created": "2022-08-24T12:50:53.957Z",
    "updated": "2022-08-24T12:50:53.957Z",
    "paid": false
  }
},
{
  "model": "orders.order",
  "pk": 21,
  "fields": {
    "first_name": "Yuri",
    "last_name": "Caetano",
    "email": "yuuri.caetano@gmail.com",
    "address": "Rua Henriqe",
    "postal_code": "83060460",
    "city": "Sao Jose dos pinhais",
    "created": "2022-08-24T12:50:54.696Z",
    "updated": "2022-08-24T12:50:54.696Z",
    "paid": false
  }
},
{
  "model": "orders.order",
  "pk": 22,
  "fields": {
    "first_name": "Yuri",
    "last_name": "Caetano",
    "email": "yuuri.caetano@gmail.com",
    "address": "Rua Henriqe",
    "postal_code": "83060460",
    "city": "Sao Jose dos pinhais",
    "created": "2022-08-24T12:51:19.229Z",
    "updated": "2022-08-24T12:51:19.229Z",
    "paid": false
  }
},
{
  "model": "orders.order",
  "pk": 23,
  "fields": {
    "first_name": "Yuri",
    "last_name": "Caetano",
    "email": "yuuri.caetano@gmail.com",
    "address": "Rua Henriqe",
    "postal_code": "83060460",
    "city": "Sao Jose dos pinhais",
    "created": "2022-08-24T13:10:08.603Z",
    "updated": "2022-08-24T13:10:08.603Z",
    "paid": false
  }
},
{
  "model": "orders.order",
  "pk": 24,
  "fields": {
    "first_name": "Yuri",
    "last_name": "Caetano",
    "email": "yuuri.caetano@gmail.com",
    "address": "Rua Henriqe",
    "postal_code": "83060460",
    "city": "Sao Jose dos pinhais",
    "created": "2022-08-24T13:11:33.608Z",
    "updated": "2022-08-24T13:11:33.608Z",
    "paid": false
  }
},
{
  "model": "orders.order",
  "pk": 25,
  "fields": {
    "first_name": "Yuri",
    "last_name": "Caetano",
    "email": "yuuri.caetano@gmail.com",
    "address": "Rua Henriqe",
    "postal_code": "83060460",
    "city": "Sao Jose dos pinhais",
    "created": "2022-08-24T13:12:08.575Z",
    "updated": "2022-08-24T13:12:08.575Z",
    "paid": false
  }
},
{
  "model": "orders.order",
  "pk": 26,
  "fields": {
    "first_name": "Yuri",
    "last_name": "Caetano",
    "email": "yuuri.caetano@gmail.com",
    "address": "Rua Henriqe",
    "postal_code": "83060460",
    "city": "Sao Jose dos pinhais",
    "created": "2022-08-24T13:12:35.554Z",
    "updated": "2022-08-24T13:12:35.555Z",
    "paid": false
  }
},
{
  "model": "orders.order",
  "pk": 27,
  "fields": {
    "first_name": "Yuri",
    "last_name": "Caetano",
    "email": "yuuri.caetano@gmail.com",
    "address": "Rua Henriqe",
    "postal_code": "83060460",
    "city": "Sao Jose dos pinhais",
    "created": "2022-08-24T13:20:23.669Z",
    "updated": "2022-08-24T13:20:23.669Z",
    "paid": false
  }
},
{
  "model": "orders.order",
  "pk": 28,
  "fields": {
    "first_name": "Yuri",
    "last_name": "Caetano",
    "email": "yuuri.caetano@gmail.com",
    "address": "Rua Henriqe",
    "postal_code": "83060460",
    "city": "Sao Jose dos pinhais",
    "created": "2022-08-24T13:22:47.193Z",
    "updated": "2022-08-24T13:22:47.193Z",
    "paid": false
  }
},
{
  "model": "orders.order",
  "pk": 29,
  "fields": {
    "first_name": "Yuri",
    "last_name": "Caetano",
    "email": "yuuri.caetano@gmail.com",
    "address": "Rua Henriqe",
    "postal_code": "83060460",
    "city": "Sao Jose dos pinhais",
    "created": "2022-08-24T13:22:48.470Z",
    "updated": "2022-08-24T13:22:48.470Z",
    "paid": false
  }
},
{
  "model": "orders.order",
  "pk": 30,
  "fields": {
    "first_name": "Yuri",
    "last_name": "Caetano",
    "email": "yuuri.caetano@gmail.com",
    "address": "Rua Henriqe",
    "postal_code": "83060460",
    "city": "Sao Jose dos pinhais",
    "created": "2022-08-24T13:22:48.844Z",
    "updated": "2022-08-24T13:22:48.844Z",
    "paid": false
  }
},
{
  "model": "orders.order",
  "pk": 31,
  "fields": {
    "first_name": "Yuri",
    "last_name": "Caetano",
    "email": "yuuri.caetano@gmail.com",
    "address": "Rua Henriqe",
    "postal_code": "83060460",
    "city": "Sao Jose dos pinhais",
    "created": "2022-08-24T13:22:49.348Z",
    "updated": "2022-08-24T13:22:49.348Z",
    "paid": false
  }
},
{
  "model": "orders.order",
  "pk": 32,
  "fields": {
    "first_name": "Yuri",
    "last_name": "Caetano",
    "email": "yuuri.caetano@gmail.com",
    "address": "Rua Henriqe",
    "postal_code": "83060460",
    "city": "Sao Jose dos pinhais",
    "created": "2022-08-24T13:22:50.073Z",
    "updated": "2022-08-24T13:22:50.073Z",
    "paid": false
  }
},
{
  "model": "orders.order",
  "pk": 33,
  "fields": {
    "first_name": "Yuri",
    "last_name": "Caetano",
    "email": "yuuri.caetano@gmail.com",
    "address": "Rua Henriqe",
    "postal_code": "83060460",
    "city": "Sao Jose dos pinhais",
    "created": "2022-08-24T13:24:29.522Z",
    "updated": "2022-08-24T13:24:29.522Z",
    "paid": false
  }
},
{
  "model": "orders.order",
  "pk": 34,
  "fields": {
    "first_name": "Yuri",
    "last_name": "Caetano",
    "email": "yuuri.caetano@gmail.com",
    "address": "Rua Henriqe",
    "postal_code": "83060460",
    "city": "Sao Jose dos pinhais",
    "created": "2022-08-24T13:24:51.904Z",
    "updated": "2022-08-24T13:24:51.904Z",
    "paid": false
  }
},
{
  "model": "orders.order",
  "pk": 35,
  "fields": {
    "first_name": "Yuri",
    "last_name": "Caetano",
    "email": "yuuri.caetano@gmail.com",
    "address": "Rua Henriqe",
    "postal_code": "83060460",
    "city": "Sao Jose dos pinhais",
    "created": "2022-08-24T13:25:17.839Z",
    "updated": "2022-08-24T13:25:17.839Z",
    "paid": false
  }
},
{
  "model": "orders.order",
  "pk": 36,
  "fields": {
    "first_name": "Yuri",
    "last_name": "Caetano",
    "email": "yuuri.caetano@gmail.com",
    "address": "Rua Henriqe",
    "postal_code": "83060460",
    "city": "Sao Jose dos pinhais",
    "created": "2022-08-24T13:28:27.628Z",
    "updated": "2022-08-24T13:28:27.628Z",
    "paid": false
  }
},
{
  "model": "orders.order",
  "pk": 37,
  "fields": {
    "first_name": "Yuri",
    "last_name": "Caetano",
    "email": "yuuri.caetano@gmail.com",
    "address": "Rua Henriqe",
    "postal_code": "83060460",
    "city": "Sao Jose dos pinhais",
    "created": "2022-08-24T13:30:58.465Z",
    "updated": "2022-08-24T13:30:58.465Z",
    "paid": false
  }
},
{
  "model": "orders.order",
  "pk": 38,
  "fields": {
    "first_name": "Yuri",
    "last_name": "Caetano",
    "email": "yuuri.caetano@gmail.com",
    "address": "Rua Henriqe",
    "postal_code": "83060460",
    "city": "Sao Jose dos pinhais",
    "created": "2022-08-24T13:31:36.340Z",
    "updated": "2022-08-24T13:31:36.340Z",
    "paid": false
  }
},
{
  "model": "orders.order",
  "pk": 39,
  "fields": {
    "first_name": "Yuri",
    "last_name": "Caetano",
    "email": "yuuri.caetano@gmail.com",
    "address": "Rua Henriqe",
    "postal_code": "83060460",
    "city": "Sao Jose dos pinhais",
    "created": "2022-08-24T13:32:17.755Z",
    "updated": "2022-08-24T13:32:17.755Z",
    "paid": false
  }
},
{
  "model": "orders.order",
  "pk": 40,
  "fields": {
    "first_name": "Yuri",
    "last_name": "Caetano",
    "email": "yuuri.caetano@gmail.com",
    "address": "Rua Henriqe",
    "postal_code": "83060460",
    "city": "Sao Jose dos pinhais",
    "created": "2022-08-24T14:33:37.625Z",
    "updated": "2022-08-24T14:33:37.625Z",
    "paid": false
  }
},
{
  "model": "orders.orderitem",
  "pk": 1,
  "fields": {
    "order": 22,
    "product": 22,
    "price": "100.00",
    "quantity": 3
  }
},
{
  "model": "orders.orderitem",
  "pk": 2,
  "fields": {
    "order": 23,
    "product": 22,
    "price": "100.00",
    "quantity": 3
  }
},
{
  "model": "orders.orderitem",
  "pk": 3,
  "fields": {
    "order": 24,
    "product": 22,
    "price": "100.00",
    "quantity": 3
  }
},
{
  "model": "orders.orderitem",
  "pk": 4,
  "fields": {
    "order": 25,
    "product": 22,
    "price": "100.00",
    "quantity": 6
  }
},
{
  "model": "orders.orderitem",
  "pk": 5,
  "fields": {
    "order": 25,
    "product": 21,
    "price": "100.00",
    "quantity": 3
  }
},
{
  "model": "orders.orderitem",
  "pk": 6,
  "fields": {
    "order": 26,
    "product": 22,
    "price": "100.00",
    "quantity": 6
  }
},
{
  "model": "orders.orderitem",
  "pk": 7,
  "fields": {
    "order": 26,
    "product": 21,
    "price": "100.00",
    "quantity": 3
  }
},
{
  "model": "orders.orderitem",
  "pk": 8,
  "fields": {
    "order": 28,
    "product": 22,
    "price": "100.00",
    "quantity": 6
  }
},
{
  "model": "orders.orderitem",
  "pk": 9,
  "fields": {
    "order": 28,
    "product": 21,
    "price": "100.00",
    "quantity": 3
  }
},
{
  "model": "orders.orderitem",
  "pk": 10,
  "fields": {
    "order": 29,
    "product": 22,
    "price": "100.00",
    "quantity": 6
  }
},
{
  "model": "orders.orderitem",
  "pk": 11,
  "fields": {
    "order": 29,
    "product": 21,
    "price": "100.00",
    "quantity": 3
  }
},
{
  "model": "orders.orderitem",
  "pk": 12,
  "fields": {
    "order": 30,
    "product": 22,
    "price": "100.00",
    "quantity": 6
  }
},
{
  "model": "orders.orderitem",
  "pk": 13,
  "fields": {
    "order": 30,
    "product": 21,
    "price": "100.00",
    "quantity": 3
  }
},
{
  "model": "orders.orderitem",
  "pk": 14,
  "fields": {
    "order": 31,
    "product": 22,
    "price": "100.00",
    "quantity": 6
  }
},
{
  "model": "orders.orderitem",
  "pk": 15,
  "fields": {
    "order": 31,
    "product": 21,
    "price": "100.00",
    "quantity": 3
  }
},
{
  "model": "orders.orderitem",
  "pk": 16,
  "fields": {
    "order": 32,
    "product": 22,
    "price": "100.00",
    "quantity": 6
  }
},
{
  "model": "orders.orderitem",
  "pk": 17,
  "fields": {
    "order": 32,
    "product": 21,
    "price": "100.00",
    "quantity": 3
  }
},
{
  "model": "orders.orderitem",
  "pk": 18,
  "fields": {
    "order": 33,
    "product": 22,
    "price": "100.00",
    "quantity": 6
  }
},
{
  "model": "orders.orderitem",
  "pk": 19,
  "fields": {
    "order": 33,
    "product": 21,
    "price": "100.00",
    "quantity": 3
  }
},
{
  "model": "orders.orderitem",
  "pk": 20,
  "fields": {
    "order": 34,
    "product": 22,
    "price": "100.00",
    "quantity": 6
  }
},
{
  "model": "orders.orderitem",
  "pk": 21,
  "fields": {
    "order": 34,
    "product": 21,
    "price": "100.00",
    "quantity": 3
  }
},
{
  "model": "orders.orderitem",
  "pk": 22,
  "fields": {
    "order": 35,
    "product": 22,
    "price": "100.00",
    "quantity": 6
  }
},
{
  "model": "orders.orderitem",
  "pk": 23,
  "fields": {
    "order": 35,
    "product": 21,
    "price": "100.00",
    "quantity": 3
  }
},
{
  "model": "orders.orderitem",
  "pk": 24,
  "fields": {
    "order": 36,
    "product": 22,
    "price": "100.00",
    "quantity": 6
  }
},
{
  "model": "orders.orderitem",
  "pk": 25,
  "fields": {
    "order": 36,
    "product": 21,
    "price": "100.00",
    "quantity": 3
  }
},
{
  "model": "orders.orderitem",
  "pk": 26,
  "fields": {
    "order": 37,
    "product": 22,
    "price": "100.00",
    "quantity": 6
  }
},
{
  "model": "orders.orderitem",
  "pk": 27,
  "fields": {
    "order": 37,
    "product": 21,
    "price": "100.00",
    "quantity": 3
  }
},
{
  "model": "orders.orderitem",
  "pk": 28,
  "fields": {
    "order": 38,
    "product": 21,
    "price": "100.00",
    "quantity": 3
  }
},
{
  "model": "orders.orderitem",
  "pk": 29,
  "fields": {
    "order": 39,
    "product": 21,
    "price": "100.00",
    "quantity": 3
  }
},
{
  "model": "orders.orderitem",
  "pk": 30,
  "fields": {
    "order": 40,
    "product": 21,
    "price": "100.00",
    "quantity": 6
  }
}
]
